track_id,track_name,artist,album,minutes_played,ts,date,hour,minute,second,tempo,energy,key,popularity,mode,time_signature,speechiness,danceability,valence,acousticness,instrumentalness
7ln7o4q6y9h8qEc6hGrtr1,Tears Don't Fall,Bullet For My Valentine,The Poison,0.04053333333333333,2024-12-05 11:05:08+00:00,2024-12-05,11,5,8,162.115,0.931,7,56,0,4,0.143,0.214,0.233,0.000705,3.09e-06
78XFPcFYN8YFOHjtVwnPsl,Unholy Confessions,Avenged Sevenfold,Waking The Fallen,0.030566666666666666,2024-12-05 11:05:10+00:00,2024-12-05,11,5,10,92.535,0.876,2,68,0,4,0.066,0.447,0.532,0.000359,0.00103
68osIGtVjM7QWVe6pazLHj,Shadow Moses,Bring Me The Horizon,Sempiternal,0.01315,2024-12-05 11:05:18+00:00,2024-12-05,11,5,18,143.006,0.985,6,68,1,4,0.207,0.456,0.183,0.000235,0.00368
1KHKeIouP04dDtl0EetgED,The Downfall Of Us All,A Day To Remember,Homesick,0.8408833333333333,2024-12-05 11:08:23+00:00,2024-12-05,11,8,23,129.947,0.881,0,70,1,4,0.0666,0.588,0.709,0.000252,0.0
2nLtzopw4rPReszdYBJU6h,Numb,Linkin Park,Meteora,0.13866666666666666,2024-12-05 11:09:24+00:00,2024-12-05,11,9,24,110.018,0.863,9,83,1,4,0.0381,0.496,0.243,0.0046,0.0
1vcxF91pWs9uNwDROuiCPB,Savior,Rise Against,Appeal To Reason,0.11235,2024-12-05 11:46:08+00:00,2024-12-05,11,46,8,112.49,0.932,5,75,0,4,0.0485,0.554,0.478,0.00154,0.000142
6RcsAN8XF5KX6mMh6dum8e,Pittsburgh (No Intro),The Amity Affliction,Let the Ocean Take Me,0.07573333333333333,2024-12-05 12:07:30+00:00,2024-12-05,12,7,30,148.008,0.943,5,61,0,4,0.185,0.386,0.402,0.000133,0.0
3HyDpKAuR3e4l6QB7hSB2l,The Light Behind Your Eyes,My Chemical Romance,Number Three,0.07075,2024-12-05 12:07:34+00:00,2024-12-05,12,7,34,75.016,0.459,7,60,1,4,0.0263,0.407,0.113,0.0455,2.98e-05
5IgjP7X4th6nMNDh4akUHb,Under The Influence,Chris Brown,Indigo (Extended),3.0768833333333334,2024-12-05 12:10:38+00:00,2024-12-05,12,10,38,116.992,0.69,9,96,0,4,0.0427,0.733,0.31,0.0635,1.18e-06
56fiFTRrSiHHH3gBeaTg2P,Nero Forte,Slipknot,We Are Not Your Kind,0.3683666666666667,2024-12-05 12:19:40+00:00,2024-12-05,12,19,40,129.842,0.978,7,69,1,4,0.0846,0.336,0.496,0.000437,0.000525
5NeIONQWJ25uPylJBJiO4c,Through Glass,Stone Sour,Come What(ever) May,1.5377666666666667,2024-12-05 12:21:12+00:00,2024-12-05,12,21,12,105.754,0.753,3,71,0,4,0.036,0.545,0.434,0.0417,0.0
3Vr6ZtUCuhBXvWIWuOsIXB,I Don't Give A Fuck About - Radio Edit,Dj Mad Dog,Till I Die Vol.1,0.05333333333333334,2024-12-05 12:29:17+00:00,2024-12-05,12,29,17,173.999,0.998,8,19,1,4,0.16,0.462,0.11,0.332,0.0
0W718GeUYzY6XzWbclhimU,Fuck That Shit - Radio Edit,Dj Mad Dog,Till I Die Vol.1,0.024166666666666666,2024-12-05 12:29:25+00:00,2024-12-05,12,29,25,173.895,0.994,11,20,0,3,0.355,0.414,0.231,0.0773,0.0542
2ZICF8SFI5tHttaLJKMY1X,False Pretense,The Red Jumpsuit Apparatus,Don't You Fake It,1.8286166666666666,2024-12-05 12:53:35+00:00,2024-12-05,12,53,35,154.946,0.93,0,64,0,4,0.0474,0.509,0.783,0.00137,0.0
0Cy7wt6IlRfBPHXXjmZbcP,Love Me Like You Do,Ellie Goulding,Fifty Shades Freed,0.17741666666666667,2024-12-05 12:55:15+00:00,2024-12-05,12,55,15,95.012,0.597,5,79,0,4,0.0292,0.489,0.324,0.27,0.0
7MmG8p0F9N3C4AXdK6o6Eb,Outside (feat. Ellie Goulding),Calvin Harris,Motion,0.059366666666666665,2024-12-05 12:55:19+00:00,2024-12-05,12,55,19,128.035,0.823,2,79,0,4,0.0394,0.646,0.418,0.213,0.0
15og0pCEcTFWEXOFKdcJlU,Hate Me,Ellie Goulding,Brightest Blue,0.046566666666666666,2024-12-05 12:55:22+00:00,2024-12-05,12,55,22,75.018,0.789,8,69,1,4,0.0644,0.64,0.762,0.0875,0.0
3zHq9ouUJQFQRf3cm1rRLu,"Love Me Like You Do - From ""Fifty Shades Of Grey""",Ellie Goulding,Delirium,0.10595,2024-12-05 12:55:28+00:00,2024-12-05,12,55,28,189.857,0.606,8,79,1,4,0.0484,0.262,0.275,0.247,0.0
5aTsxlQlq0vIedDWZoqMWN,Lights - Single Version,Ellie Goulding,Bright Lights,0.03306666666666667,2024-12-05 12:56:40+00:00,2024-12-05,12,56,40,120.008,0.795,8,67,0,4,0.0367,0.682,0.78,0.0297,0.0391
7mfvOqsvzZaUl7sfbcNk4E,Ameno,ERA,Era I,0.15181666666666666,2024-12-05 12:58:48+00:00,2024-12-05,12,58,48,102.804,0.532,1,62,0,4,0.0337,0.605,0.139,0.0919,0.000576
1pTw2cNrp9L3esxLAvWnN2,Separate Ways (Worlds Apart) [2023 Remaster],Journey,Frontiers,0.25243333333333334,2024-12-05 13:01:28+00:00,2024-12-05,13,1,28,131.536,0.943,0,62,1,4,0.0576,0.467,0.453,0.0189,4.51e-06
23OXdR7YuUBVWh5hSnYJau,Chlorine,Twenty One Pilots,Trench,0.08035,2024-12-05 13:01:33+00:00,2024-12-05,13,1,33,90.009,0.674,10,76,0,4,0.0548,0.609,0.315,0.0735,0.06
62yJjFtgkhUrXktIoSjgP2,Radioactive,Imagine Dragons,Night Visions,0.1152,2024-12-05 13:03:38+00:00,2024-12-05,13,3,38,136.245,0.784,9,80,1,4,0.0627,0.448,0.236,0.106,0.000108
4JXfNOePhdgMOI7KZ1L25U,Breath,Breaking Benjamin,Phobia,0.19981666666666667,2024-12-05 13:04:50+00:00,2024-12-05,13,4,50,182.851,0.868,5,67,0,4,0.0467,0.347,0.313,0.00012,0.000273
6GyFP1nfCDB8lbD2bG0Hq9,Midnight City,M83,"Hurry up, We're Dreaming",0.03411666666666666,2024-12-05 13:04:52+00:00,2024-12-05,13,4,52,105.013,0.729,11,76,0,4,0.0393,0.507,0.272,0.0182,1.4e-06
2VGQ342iuqj6aSaYbyBQVJ,Prayer Of The Refugee,Rise Against,The Sufferer & The Witness,0.09171666666666667,2024-12-05 13:04:58+00:00,2024-12-05,13,4,58,195.795,0.977,3,66,0,4,0.173,0.198,0.351,0.00131,4.62e-05
7brQHA2CgQpcMBiOlfiXYb,Afraid,The Neighbourhood,I Love You.,0.1959,2024-12-05 13:05:30+00:00,2024-12-05,13,5,30,83.996,0.701,6,77,0,4,0.0411,0.464,0.356,0.00892,0.309
3RiPr603aXAoi4GHyXx0uy,Hymn for the Weekend,Coldplay,A Head Full of Dreams,0.9144833333333333,2024-12-05 13:07:21+00:00,2024-12-05,13,7,21,90.027,0.693,0,85,0,4,0.0377,0.491,0.412,0.211,6.92e-06
4DMKwE2E2iYDKY01C335Uw,Carry on Wayward Son,Kansas,Leftoverture,0.0199,2024-12-05 13:10:59+00:00,2024-12-05,13,10,59,126.755,0.786,7,76,1,4,0.032,0.482,0.793,0.00321,8.88e-05
4iG2gAwKXsOcijVaVXzRPW,Time to Pretend,MGMT,Oracular Spectacular,0.2233,2024-12-05 13:13:37+00:00,2024-12-05,13,13,37,100.99,0.94,2,72,1,3,0.0452,0.438,0.421,8.74e-05,0.0777
0NlGoUyOJSuSHmngoibVAs,All I Want,Kodaline,In A Perfect World,0.11093333333333333,2024-12-05 13:14:40+00:00,2024-12-05,13,14,40,187.376,0.411,0,82,1,3,0.0484,0.188,0.159,0.174,0.153
4bCOAuhvjsxbVBM5MM8oik,When We Stand Together,Nickelback,Here and Now,0.32106666666666667,2024-12-05 13:15:18+00:00,2024-12-05,13,15,18,187.961,0.9,10,67,0,4,0.0489,0.446,0.88,0.000102,1.89e-05
57Xjny5yNzAcsxnusKmAfA,Reptilia,The Strokes,Room On Fire,0.0455,2024-12-05 13:15:23+00:00,2024-12-05,13,15,23,158.009,0.649,9,75,1,4,0.0336,0.489,0.77,0.000603,0.713
2Z8WuEywRWYTKe1NybPQEW,Ride,Twenty One Pilots,Blurryface,0.03163333333333333,2024-12-05 13:30:17+00:00,2024-12-05,13,30,17,74.989,0.713,6,82,1,4,0.0393,0.645,0.566,0.00835,0.0
6i0V12jOa3mr6uu4WYhUBr,Heathens,Twenty One Pilots,Heathens,0.06363333333333333,2024-12-05 13:30:21+00:00,2024-12-05,13,30,21,90.024,0.396,4,81,0,4,0.0286,0.732,0.548,0.0841,3.58e-05
0qKX14YZHptDWiEN0CgxGz,Zenith,Kavinsky,Reborn,0.6432,2024-12-05 13:45:52+00:00,2024-12-05,13,45,52,93.981,0.646,0,51,0,4,0.0372,0.403,0.418,0.443,0.000557
4aYLAF6ckQ5ooGGGM7sWAa,The Unforgiven,Metallica,Metallica,5.35725,2024-12-05 15:58:40+00:00,2024-12-05,15,58,40,139.261,0.584,7,74,1,4,0.0254,0.54,0.244,0.0108,0.00296
6nswV1Lz3OZkaiCJfmVUOa,The Unforgiven II,Metallica,Reload,0.8274166666666667,2024-12-05 15:59:30+00:00,2024-12-05,15,59,30,133.047,0.89,8,66,0,4,0.0445,0.497,0.249,0.00055,0.00129
0qbV4e18lWrTTxlswVoLbI,The Unforgiven III,Metallica,Death Magnetic,0.22058333333333333,2024-12-05 15:59:43+00:00,2024-12-05,15,59,43,121.52,0.692,4,60,0,4,0.0344,0.297,0.103,0.00196,3.75e-06
0BRHnOFm6sjxN1i9LJrUDu,The Anthem,Good Charlotte,The Young and The Hopeless,0.26595,2024-12-05 16:07:57+00:00,2024-12-05,16,7,57,177.751,0.939,1,74,1,4,0.126,0.494,0.893,0.00666,0.0
3o7TMr6RmIusYH7Kkg7ujR,Coming Undone,Korn,See You On the Other Side,0.40828333333333333,2024-12-05 16:08:22+00:00,2024-12-05,16,8,22,75.052,0.677,2,75,1,4,0.0508,0.687,0.545,0.000643,0.000137
4xqrdfXkTW4T0RauPLv3WA,Heather,Conan Gray,Kid Krow,0.24575,2024-12-05 16:09:49+00:00,2024-12-05,16,9,49,102.078,0.425,5,87,1,3,0.0333,0.357,0.27,0.584,0.0
3ZCTVFBt2Brf31RLEnCkWJ,everything i wanted,Billie Eilish,everything i wanted,4.090416666666667,2024-12-05 16:25:01+00:00,2024-12-05,16,25,1,120.006,0.225,6,86,0,4,0.0994,0.704,0.243,0.902,0.657
7cgu4JBW3hq1GwTM1ilkKQ,Talking Body,Tove Lo,Queen Of The Clouds,0.7523166666666666,2024-12-05 18:22:05+00:00,2024-12-05,18,22,5,119.999,0.761,4,67,0,4,0.0338,0.736,0.114,0.0966,0.0
6ursmCnbc9oDRGa2yHKkoZ,Roots Bloody Roots,Sepultura,Roots,0.12963333333333332,2024-12-05 18:26:25+00:00,2024-12-05,18,26,25,119.708,0.874,4,62,0,4,0.128,0.428,0.261,0.000337,0.0419
06WUUNf7q18NZfjIsQFsfa,Delusions of Saviour,Slayer,Repentless,0.13933333333333334,2024-12-05 18:26:33+00:00,2024-12-05,18,26,33,168.165,0.805,8,73,1,4,0.037,0.223,0.25,0.000179,0.814
6Nm8h73ycDG2saCnZV8poF,Dragula,Rob Zombie,Hellbilly Deluxe,0.5178,2024-12-05 18:27:48+00:00,2024-12-05,18,27,48,125.03,0.963,0,76,0,4,0.0531,0.591,0.609,8.74e-05,0.000107
0Y2i84QWPFiFHQfEQDgHya,People = Shit,Slipknot,Iowa,0.70975,2024-12-05 18:28:31+00:00,2024-12-05,18,28,31,122.072,0.996,11,69,0,4,0.231,0.462,0.145,5.8e-05,0.00377
7CAbF0By0Fpnbiu6Xn5ZF7,Kingslayer (feat. BABYMETAL),Bring Me The Horizon,POST HUMAN: SURVIVAL HORROR,0.20935,2024-12-05 18:28:43+00:00,2024-12-05,18,28,43,92.541,0.929,1,72,1,4,0.147,0.434,0.428,0.000207,0.00109
507bYMYfbm6sUS9iEAaeSd,Broken,Seether,Disclaimer II,4.30555,2024-12-05 18:33:05+00:00,2024-12-05,18,33,5,123.762,0.61,3,70,0,4,0.0342,0.448,0.214,0.0102,0.000491
5anCkDvJ17aznvK5TED5uo,Hail to the King,Avenged Sevenfold,Hail to the King,0.15401666666666666,2024-12-05 18:33:16+00:00,2024-12-05,18,33,16,118.004,0.916,3,76,0,4,0.0387,0.58,0.683,0.000297,0.0259
6ZOBP3NvffbU4SZcrnt1k6,Kryptonite,3 Doors Down,The Better Life,3.8988833333333335,2024-12-06 05:31:10+00:00,2024-12-06,5,31,10,99.009,0.865,11,80,0,4,0.0286,0.545,0.543,0.00664,1.1e-05
2374M0fQpWi3dLnB54qaLX,Africa,TOTO,Toto IV,4.93155,2024-12-06 06:36:49+00:00,2024-12-06,6,36,49,92.718,0.373,9,83,1,4,0.0323,0.671,0.732,0.257,8.01e-05
0U0ldCRmgCqhVvD6ksG63j,Nightcall,Kavinsky,Nightcall,0.7024333333333334,2024-12-06 07:33:36+00:00,2024-12-06,7,33,36,91.038,0.874,9,73,0,4,0.0482,0.532,0.361,0.00842,0.012
5UWwZ5lm5PKu6eKsHAGxOk,Everlong,Foo Fighters,The Colour And The Shape,4.175766666666667,2024-12-06 07:50:00+00:00,2024-12-06,7,50,0,158.066,0.881,11,84,0,4,0.0367,0.413,0.364,5.99e-05,0.000308
4pIKFpwflOdhYNIRmPTj3E,Dance Macabre,Ghost,Prequelle,0.040633333333333334,2024-12-06 08:14:13+00:00,2024-12-06,8,14,13,125.986,0.696,7,65,0,4,0.0315,0.619,0.727,1.89e-05,0.00555
3hRV0jL3vUpRrcy398teAU,The Night We Met,Lord Huron,Strange Trails,0.3142333333333333,2024-12-06 08:14:34+00:00,2024-12-06,8,14,34,87.01,0.369,2,83,1,3,0.038,0.544,0.102,0.969,0.279
2QjOHCTQ1Jl3zawyYOpxh6,Sweater Weather,The Neighbourhood,I Love You.,0.03598333333333333,2024-12-06 08:14:37+00:00,2024-12-06,8,14,37,124.053,0.807,10,93,1,4,0.0336,0.612,0.398,0.0495,0.0177
6RK3IsiUW6YaSMEodbO4tk,Solitude - Felsmann + Tiley Reinterpretation,M83,Solitude,0.15208333333333332,2024-12-06 08:14:46+00:00,2024-12-06,8,14,46,121.865,0.202,0,72,1,4,0.0313,0.367,0.0362,0.668,0.145
3FtYbEfBqAlGO46NUDQSAt,Electric Feel,MGMT,Oracular Spectacular,0.10215,2024-12-06 08:14:52+00:00,2024-12-06,8,14,52,103.04,0.803,1,77,1,3,0.0351,0.763,0.561,0.0709,0.285
5XeFesFbtLpXzIVDNQP22n,I Wanna Be Yours,Arctic Monkeys,AM,0.020116666666666668,2024-12-06 08:14:53+00:00,2024-12-06,8,14,53,67.528,0.417,0,92,0,4,0.0256,0.464,0.479,0.136,0.022
3NLrRZoMF0Lx6zTlYqeIo4,Here Without You,3 Doors Down,Away From The Sun,2.8343666666666665,2024-12-06 08:17:43+00:00,2024-12-06,8,17,43,143.994,0.533,10,76,0,4,0.0252,0.557,0.233,0.0492,0.0
3JvKfv6T31zO0ini8iNItO,Another Love,Tom Odell,Long Way Down (Deluxe),1.6671833333333332,2024-12-06 08:35:41+00:00,2024-12-06,8,35,41,122.769,0.537,4,93,0,4,0.04,0.445,0.131,0.695,1.65e-05
3FI0iAAAjmR31xpZEwbdys,Circle With Me,Spiritbox,Eternal Blue,0.3390166666666667,2024-12-06 10:39:21+00:00,2024-12-06,10,39,21,102.743,0.874,8,22,0,4,0.0534,0.422,0.392,0.000166,0.231
6XimI1O15wpfwUdrCnlrxo,All These Things I Hate (Revolve Around Me),Bullet For My Valentine,The Poison,3.7573333333333334,2024-12-06 10:46:26+00:00,2024-12-06,10,46,26,94.012,0.869,6,57,0,3,0.0462,0.495,0.522,0.0306,0.0
1bmDf8qcqTcwAgWKpFIF8K,Hypermania,Polaris,The Death of Me,0.7171,2024-12-06 10:47:10+00:00,2024-12-06,10,47,10,103.501,0.989,7,55,1,4,0.0865,0.545,0.545,0.000289,0.000395
4xDcGgOzoQq5Jrfa2gkY03,Let Me Leave,Currents,The Way It Ends,3.3501833333333333,2024-12-06 10:50:30+00:00,2024-12-06,10,50,30,120.114,0.92,1,52,0,4,0.05,0.494,0.224,7.12e-05,0.0418
3rEwGRmPVVudVjqdgv0tRR,If It Means A Lot To You,A Day To Remember,Homesick,0.025916666666666668,2024-12-06 10:50:56+00:00,2024-12-06,10,50,56,127.001,0.536,10,69,1,4,0.0279,0.584,0.441,0.112,0.0
0M3adYbGtyRHACP86dey1H,Throne,Bring Me The Horizon,That's The Spirit,2.74305,2024-12-06 10:54:01+00:00,2024-12-06,10,54,1,144.111,0.888,0,74,0,4,0.0987,0.426,0.387,0.000455,0.0
313yF0VXTCmFFoYEJF7nBQ,Writing On The Walls,Underoath,Define The Great Line,3.4152666666666667,2024-12-06 10:59:54+00:00,2024-12-06,10,59,54,91.938,0.959,2,60,0,4,0.0874,0.358,0.171,0.00364,0.000237
1zNBVe8QG37iPLLQHlUS2u,Kill the Ache,Currents,The Way It Ends,3.88925,2024-12-06 11:03:46+00:00,2024-12-06,11,3,46,139.934,0.934,4,57,0,4,0.0703,0.486,0.125,0.00171,0.0037
4IX6QvjOI62tyHigVsTUlv,Have Faith In Me,A Day To Remember,Homesick,0.0,2024-12-06 11:06:33+00:00,2024-12-06,11,6,33,149.996,0.933,0,65,1,4,0.0869,0.507,0.715,7e-05,0.0
6o39Ln9118FKTMbM4BvcEy,Drown,Bring Me The Horizon,That's The Spirit,3.70155,2024-12-06 11:10:57+00:00,2024-12-06,11,10,57,143.126,0.94,1,72,0,4,0.0844,0.405,0.24,0.000102,2.79e-05
3VnBhHJdT7p05Wtenu4fmt,Mr. Highway's Thinking About The End,A Day To Remember,Homesick,0.03598333333333333,2024-12-06 11:20:49+00:00,2024-12-06,11,20,49,150.091,0.916,10,63,0,4,0.0919,0.301,0.451,0.000132,1.84e-05
50NQdrO55nqwZrDwKny5NH,Not Good Enough For Truth In Cliché,Escape the Fate,Dying Is Your Latest Fashion,1.4474833333333332,2024-12-06 11:30:49+00:00,2024-12-06,11,30,49,159.081,0.904,5,61,1,4,0.106,0.372,0.362,0.007,1.34e-06
4vVzmaBsxXuKrJeMSLRF4y,Drag the Lake,The Amity Affliction,Misery,3.525333333333333,2024-12-06 11:41:06+00:00,2024-12-06,11,41,6,133.973,0.904,6,58,1,4,0.0456,0.498,0.343,0.026,4.98e-06
0T8P86fvSK8kCUJFYPZbIH,All Signs Point To Lauderdale,A Day To Remember,What Separates Me From You,1.82935,2024-12-06 11:42:58+00:00,2024-12-06,11,42,58,149.95,0.983,10,67,1,4,0.114,0.425,0.513,0.000263,0.0
6sIbv1oWOuma2qV907MUbk,1x1 (feat. Nova Twins),Bring Me The Horizon,POST HUMAN: SURVIVAL HORROR,1.13545,2024-12-06 12:00:39+00:00,2024-12-06,12,0,39,164.032,0.937,1,67,0,4,0.161,0.452,0.604,0.000209,3.61e-06
4wzjNqjKAKDU82e8uMhzmr,Face Down,The Red Jumpsuit Apparatus,Don't You Fake It,0.5174166666666666,2024-12-06 12:02:17+00:00,2024-12-06,12,2,17,92.956,0.932,7,76,0,4,0.0399,0.545,0.464,0.000665,0.0
0FnNvh5Azabpbfb7xSmZpj,Monsters,Currents,The Way It Ends,0.1463,2024-12-06 12:03:58+00:00,2024-12-06,12,3,58,100.918,0.977,4,53,0,4,0.129,0.474,0.174,0.00035,2.65e-06
2ah5gOCogw00A62XBoepmc,Miracle,A Day To Remember,Miracle,0.43035,2024-12-06 12:04:24+00:00,2024-12-06,12,4,24,160.028,0.917,7,69,1,4,0.13,0.463,0.369,0.000266,1.8e-05
0gchQwxmBWj5no8NJ8b2yH,Sleepwalking,Bring Me The Horizon,Sempiternal,0.2561833333333333,2024-12-06 12:04:39+00:00,2024-12-06,12,4,39,149.062,0.959,2,70,0,4,0.103,0.4,0.339,0.000187,4.21e-06
5ynxx6zC4dgzsMHLYQ04Dc,Remedy,Seether,Karma and Effect,0.2055,2024-12-06 19:33:17+00:00,2024-12-06,19,33,17,127.804,0.952,8,70,1,4,0.0924,0.55,0.391,0.000193,0.000666
6jreFSOTUAViWjKyzOC4Kg,REMEDY,Alesso,REMEDY,2.598516666666667,2024-12-06 19:35:52+00:00,2024-12-06,19,35,52,119.964,0.775,0,67,1,4,0.0473,0.601,0.483,0.269,0.0
3zU9rdflI65tK4dkkNSp77,Heroes (we could be),Alesso,Forever,0.3375,2024-12-06 19:40:48+00:00,2024-12-06,19,40,48,125.896,0.748,5,72,1,4,0.0619,0.503,0.356,0.0305,0.0
25GC50HslaaruyrKjdu0lP,Your Betrayal,Bullet For My Valentine,Fever,4.8571,2024-12-06 19:46:42+00:00,2024-12-06,19,46,42,134.001,0.883,2,68,0,4,0.0748,0.569,0.373,8.07e-05,7.74e-05
1ZEoYuekZQo62DLFtPVdqT,Waking the Demon,Bullet For My Valentine,Scream Aim Fire,0.08281666666666666,2024-12-06 20:16:47+00:00,2024-12-06,20,16,47,127.908,0.995,2,54,1,4,0.1,0.306,0.135,2.98e-05,0.00859
69kOkLUCkxIZYexIgSG8rq,Get Lucky (feat. Pharrell Williams and Nile Rodgers),Daft Punk,Random Access Memories,6.160433333333334,2024-12-06 21:15:11+00:00,2024-12-06,21,15,11,116.05,0.793,6,75,0,4,0.0403,0.81,0.863,0.0378,1.77e-06
7ridH3hy4aXG6Kn1XomKrO,Afterlife,Holding Absence,The Greatest Mistake of My Life,3.7757666666666667,2024-12-12 11:22:49+00:00,2024-12-12,11,22,49,134.013,0.963,5,66,0,4,0.0601,0.475,0.355,0.0016,0.0
5IBDi9cISbefMMtAB8syp3,Doomed - Live at the Royal Albert Hall,Bring Me The Horizon,Live at the Royal Albert Hall,0.4675,2024-12-13 12:51:53+00:00,2024-12-13,12,51,53,147.021,0.9,5,49,0,4,0.0919,0.402,0.223,0.0729,0.00401
3PfIrDoz19wz7qK7tYeu62,Don't Start Now,Dua Lipa,Future Nostalgia,0.1583,2024-12-13 13:09:02+00:00,2024-12-13,13,9,2,123.95,0.793,11,81,0,4,0.083,0.793,0.679,0.0123,0.0
6JIC3hbC28JZKZ8AlAqX8h,Cold Heart - PNAU Remix,Elton John,The Lockdown Sessions,0.71285,2024-12-13 13:09:45+00:00,2024-12-13,13,9,45,116.032,0.8,1,83,1,4,0.0309,0.795,0.934,0.0354,7.25e-05
0faXHILILebCGnJBPU6KJJ,The Diary of Jane - Single Version,Breaking Benjamin,Phobia,3.258583333333333,2024-12-13 16:55:19+00:00,2024-12-13,16,55,19,167.024,0.964,10,74,0,4,0.0644,0.392,0.269,7.13e-05,0.0387
0lP4HYLmvowOKdsQ7CVkuq,The Kill,Thirty Seconds To Mars,A Beautiful Lie,0.6602166666666667,2024-12-13 16:59:41+00:00,2024-12-13,16,59,41,182.99,0.912,4,76,0,3,0.0791,0.179,0.289,0.0014,0.000294
0M955bMOoilikPXwKLYpoi,I Hate Everything About You,Three Days Grace,Three Days Grace,0.031,2024-12-13 17:05:18+00:00,2024-12-13,17,5,18,89.342,0.83,6,74,0,4,0.0421,0.498,0.453,0.00461,0.0
3dxiWIBVJRlqh9xk144rf4,Breaking the Habit,Linkin Park,Meteora,0.03283333333333333,2024-12-13 17:05:20+00:00,2024-12-13,17,5,20,100.021,0.849,4,71,0,4,0.0303,0.579,0.581,0.108,0.0
360Wr96ywrCQq4kTAJ8Pq6,Pacify Her,Melanie Martinez,Cry Baby,3.3632,2024-12-13 17:10:54+00:00,2024-12-13,17,10,54,157.993,0.593,9,80,0,4,0.0306,0.576,0.373,0.0467,0.000767
2zsWRxMcUdGjj8TnWkVKw0,Hypnotic,Zella Day,Kicker,2.87165,2024-12-13 17:14:07+00:00,2024-12-13,17,14,7,80.982,0.724,6,66,0,4,0.0403,0.637,0.414,0.119,0.0
1kPpge9JDLpcj15qgrPbYX,Good Time,Owl City,The Midsummer Station,2.9879166666666666,2024-12-13 17:52:03+00:00,2024-12-13,17,52,3,126.05,0.872,3,78,1,4,0.14,0.56,0.682,0.0239,6.98e-06
3CRDbSIZ4r5MsZ0YwxuEkn,Stressed Out,Twenty One Pilots,Blurryface,3.3257833333333333,2024-12-13 17:55:22+00:00,2024-12-13,17,55,22,169.977,0.637,4,85,0,4,0.141,0.734,0.648,0.0462,2.29e-05
57iDDD9N9tTWe75x6qhStw,Bitter Sweet Symphony - Remastered 2016,The Verve,Urban Hymns,0.09016666666666667,2024-12-13 18:44:52+00:00,2024-12-13,18,44,52,171.176,0.917,9,80,1,4,0.0479,0.356,0.518,0.0335,0.0
2RsAajgo0g7bMCHxwH3Sk0,Come As You Are,Nirvana,Nevermind,0.11028333333333333,2024-12-13 19:08:05+00:00,2024-12-13,19,8,5,120.125,0.824,4,79,0,4,0.0388,0.5,0.539,0.00016,0.00161
18AJRdgUoO9EYn11N7xzaT,Habits (Stay High),Tove Lo,Queen Of The Clouds,3.486,2024-12-15 11:25:39+00:00,2024-12-15,11,25,39,110.003,0.65,5,76,1,4,0.0315,0.733,0.348,0.0703,6.59e-05
0yc6Gst2xkRu0eMLeRMGCX,Apocalypse,Cigarettes After Sex,Cigarettes After Sex,4.845033333333333,2024-12-15 14:42:14+00:00,2024-12-15,14,42,14,94.485,0.467,5,84,1,4,0.0273,0.37,0.182,0.0205,0.572
36xBFaVGjqm7le8CTHytUj,Parasite Eve,Bring Me The Horizon,POST HUMAN: SURVIVAL HORROR,4.863533333333334,2024-12-17 11:44:33+00:00,2024-12-17,11,44,33,102.489,0.797,9,65,1,4,0.15,0.589,0.232,0.0289,4.35e-06
3WATWS2Ywo5HeHtG0bE2iZ,Teardrops,Bring Me The Horizon,POST HUMAN: SURVIVAL HORROR,1.1698,2024-12-17 15:41:04+00:00,2024-12-17,15,41,4,96.051,0.916,7,67,1,4,0.108,0.497,0.401,0.000323,0.0
6MD6xpFK4cfquxRqXxqwjq,Obey (with YUNGBLUD),Bring Me The Horizon,POST HUMAN: SURVIVAL HORROR,3.6756333333333333,2024-12-19 13:20:06+00:00,2024-12-19,13,20,6,137.061,0.99,1,65,0,4,0.211,0.462,0.204,0.000103,0.0
42qNWdLKCI41S4uzfamhFM,Duvet,bôa,Twilight,0.013833333333333333,2024-12-19 13:44:04+00:00,2024-12-19,13,44,4,93.206,0.888,11,77,0,4,0.0349,0.583,0.706,0.191,4.58e-05
4XeqABCbUqyznqTgB8Ckzj,METALLICA,Yung Beef,El Plugg 2,4.268966666666667,2024-12-19 16:23:30+00:00,2024-12-19,16,23,30,174.053,0.816,1,67,0,4,0.122,0.586,0.58,0.0992,0.00539
2Fxmhks0bxGSBdJ92vM42m,bad guy,Billie Eilish,"WHEN WE ALL FALL ASLEEP, WHERE DO WE GO?",0.40673333333333334,2024-12-22 21:52:43+00:00,2024-12-22,21,52,43,135.128,0.425,7,84,1,4,0.375,0.701,0.562,0.328,0.13
3Fj47GNK2kUF0uaEDgXLaD,wish you were gay,Billie Eilish,"WHEN WE ALL FALL ASLEEP, WHERE DO WE GO?",0.09776666666666667,2024-12-23 22:05:54+00:00,2024-12-23,22,5,54,118.028,0.351,7,77,1,4,0.241,0.853,0.282,0.39,9.38e-06
6L5QMBrydoaapTDMQ0Anui,Guilty All the Same (feat. Rakim),Linkin Park,The Hunting Party,0.01955,2024-12-24 17:22:49+00:00,2024-12-24,17,22,49,100.012,0.969,2,59,0,4,0.046,0.566,0.641,0.0287,0.000442
60a0Rd6pjrkxjPbaKzXjfq,In the End,Linkin Park,Hybrid Theory,0.044083333333333335,2024-12-24 17:56:28+00:00,2024-12-24,17,56,28,105.143,0.864,3,85,0,4,0.0584,0.556,0.4,0.00958,0.0
63T7DJ1AFDD6Bn8VzG6JE8,"Paint It, Black",The Rolling Stones,Aftermath,3.0391,2024-12-27 09:38:00+00:00,2024-12-27,9,38,0,158.691,0.795,1,80,1,4,0.0926,0.464,0.612,0.0493,0.00244
4Yf5bqU3NK4kNOypcrLYwU,Faint,Linkin Park,Meteora,0.01625,2024-12-28 17:29:16+00:00,2024-12-28,17,29,16,135.095,0.978,4,77,1,4,0.131,0.554,0.594,0.111,0.0
086myS9r57YsLbJpU0TgK9,Why'd You Only Call Me When You're High?,Arctic Monkeys,AM,0.04953333333333333,2024-12-28 17:35:33+00:00,2024-12-28,17,35,33,92.004,0.631,2,88,1,4,0.0368,0.691,0.8,0.0483,1.13e-05
72nJMBop58qf4xbNwZD0qO,De Charco En Charco,Samuraï,De Charco En Charco,2.6764833333333335,2024-12-28 19:00:59+00:00,2024-12-28,19,0,59,125.036,0.803,5,58,1,4,0.0374,0.763,0.685,0.351,0.0
0bI7K9Becu2dtXK1Q3cZNB,Don't Be Shy,Tiësto,Don't Be Shy,2.1931333333333334,2024-12-31 12:02:39+00:00,2024-12-31,12,2,39,119.986,0.787,11,84,0,4,0.0583,0.77,0.513,0.198,0.0
1RKUoGiLEbcXN4GY4spQDx,Clint Eastwood,Gorillaz,Gorillaz,5.2368,2024-12-31 14:28:14+00:00,2024-12-31,14,28,14,167.953,0.694,10,76,0,4,0.171,0.663,0.525,0.0253,0.0
69Kzq3FMkDwiSFBQzRckFD,This Night Has Opened My Eyes - 2011 Remaster,The Smiths,Hatful of Hollow,3.6922166666666665,2024-12-31 14:34:56+00:00,2024-12-31,14,34,56,100.038,0.628,2,69,1,4,0.0274,0.696,0.701,0.00102,0.428
7dT6ccDqmMHvz5C0d8iUND,Quiero Decirte,Abraham Mateo,Quiero Decirte,0.19588333333333333,2024-12-31 15:19:43+00:00,2024-12-31,15,19,43,117.941,0.772,4,74,1,4,0.0383,0.751,0.923,0.039,0.0
6urCAbunOQI4bLhmGpX7iS,Don't Speak,No Doubt,Tragic Kingdom,4.164666666666666,2024-12-31 16:05:35+00:00,2024-12-31,16,5,35,76.039,0.709,5,77,0,4,0.0352,0.52,0.536,0.247,1.78e-05
1G391cbiT3v3Cywg8T7DM1,Scar Tissue,Red Hot Chili Peppers,Californication,3.4707166666666667,2024-12-31 16:08:57+00:00,2024-12-31,16,8,57,88.969,0.717,0,79,1,4,0.0295,0.595,0.547,0.0779,0.00274
4wtR6HB3XekEengMX17cpc,Children,Robert Miles,Children,3.97505,2024-12-31 16:12:55+00:00,2024-12-31,16,12,55,137.064,0.755,0,69,1,4,0.0337,0.604,0.387,0.000298,0.817
1ofhfV90EnYhEr7Un2fWiv,Changes,2Pac,Greatest Hits,4.307383333333333,2024-12-31 16:17:10+00:00,2024-12-31,16,17,10,111.113,0.665,7,73,1,4,0.073,0.865,0.331,0.0453,0.0
3cfOd4CMv2snFaKAnMdnvK,All Star,Smash Mouth,Astro Lounge,3.28595,2024-12-31 16:20:27+00:00,2024-12-31,16,20,27,104.019,0.867,11,79,1,4,0.032,0.731,0.776,0.0395,0.0
0WtM2NBVQNNJLh6scP13H8,Calm Down (with Selena Gomez),Rema,Calm Down (with Selena Gomez),3.38175,2024-12-31 16:42:30+00:00,2024-12-31,16,42,30,106.999,0.806,11,92,1,4,0.0381,0.801,0.802,0.382,0.000669
6txvQu0zUbiqG24A8XMLnK,Miracle Maker,Dom Dolla,Miracle Maker,0.07003333333333334,2025-01-03 17:45:04+00:00,2025-01-03,17,45,4,128.001,0.94,10,70,1,4,0.0617,0.609,0.238,0.00124,0.269
4JsDHMv5PVO8N07DbDq33r,All I Want,A Day To Remember,What Separates Me From You,3.3773333333333335,2025-01-04 15:52:05+00:00,2025-01-04,15,52,5,160.042,0.981,2,68,0,4,0.141,0.349,0.207,2.58e-05,0.0
3rmo8F54jFF8OgYsqTxm5d,Bad Habits,Ed Sheeran,=,0.1691,2025-01-07 10:28:19+00:00,2025-01-07,10,28,19,126.011,0.893,11,88,0,4,0.0347,0.807,0.537,0.0451,2.79e-05
0q6LuUqGLUiCPP1cbdwFs3,On Melancholy Hill,Gorillaz,Plastic Beach,3.8977666666666666,2025-01-07 19:19:28+00:00,2025-01-07,19,19,28,120.423,0.739,2,78,1,4,0.026,0.689,0.578,1.51e-05,0.509
1RGasjWLZ4qMN7wbtkLa3u,my boy,Billie Eilish,dont smile at me,2.8475333333333332,2025-01-08 12:03:03+00:00,2025-01-08,12,3,3,89.936,0.394,11,74,0,4,0.207,0.692,0.324,0.472,0.000191
23Vf9hNoBN8AacpUUHbiRy,War,Sum 41,13 Voices,3.4944333333333333,2025-01-08 13:15:37+00:00,2025-01-08,13,15,37,175.926,0.899,1,62,1,4,0.0491,0.393,0.54,0.000811,0.0
6FZDfxM3a3UCqtzo5pxSLZ,Without Me,Halsey,Manic,5.075583333333333,2025-01-09 17:13:58+00:00,2025-01-09,17,13,58,136.041,0.488,6,79,1,4,0.0705,0.752,0.533,0.297,9.11e-06
2cGxRwrMyEAp8dEbuZaVv6,Instant Crush (feat. Julian Casablancas),Daft Punk,Random Access Memories,3.6089166666666666,2025-01-18 10:43:35+00:00,2025-01-18,10,43,35,109.942,0.585,10,76,0,4,0.0271,0.775,0.518,0.0422,0.619
3gVhsZtseYtY1fMuyYq06F,Sonne,Rammstein,Mutter,4.282533333333333,2025-02-02 17:31:52+00:00,2025-02-02,17,31,52,75.098,0.917,4,74,0,4,0.0854,0.51,0.313,0.0054,0.000133
1oagRT7LfpVlNJN6FSZDGp,"This Ain't A Scene, It's An Arms Race",Fall Out Boy,Infinity On High,0.15786666666666666,2025-02-06 15:58:01+00:00,2025-02-06,15,58,1,199.935,0.887,9,70,1,4,0.0636,0.435,0.408,0.000747,0.0
5v4OkFH0TJ6W1hCFxyn0px,parents,YUNGBLUD,weird!,2.8646666666666665,2025-02-17 22:36:07+00:00,2025-02-17,22,36,7,82.017,0.824,7,70,1,4,0.0478,0.612,0.586,0.013,0.0
7fQox8Ere1HDm0jhSnsFHu,Obey (with YUNGBLUD),Bring Me The Horizon,Obey (with YUNGBLUD),3.6756333333333333,2025-02-17 22:39:48+00:00,2025-02-17,22,39,48,137.061,0.99,1,55,0,4,0.211,0.462,0.204,0.000103,0.0
4mGdjNMo0RonTlOEb7cYg4,11 Minutes (with Halsey feat. Travis Barker),YUNGBLUD,11 Minutes (with Halsey feat. Travis Barker),3.765216666666667,2025-02-18 09:58:32+00:00,2025-02-18,9,58,32,160.075,0.852,11,66,1,4,0.067,0.464,0.233,0.0116,0.0
0GjEhVFGZW8afUYGChu3Rr,Dancing Queen,ABBA,Arrival,4.061916666666667,2025-03-07 14:18:35+00:00,2025-03-07,14,18,35,100.804,0.87,9,83,1,4,0.0428,0.543,0.754,0.358,0.000939
3lPn81PFyKvXiyHhlkwkQ4,Doomed,Bring Me The Horizon,That's The Spirit,0.2647,2025-03-11 14:33:53+00:00,2025-03-11,14,33,53,147.159,0.903,6,63,0,4,0.137,0.271,0.22,0.00152,1.5e-05
58AS4weYlUWvGztZbKIuAU,Leave Out All The Rest,Linkin Park,Minutes to Midnight,0.51935,2025-03-11 14:47:17+00:00,2025-03-11,14,47,17,80.401,0.637,0,55,1,4,0.0363,0.514,0.18,0.213,2.24e-06
5pKCDm2fw4k6D6C5Rk646C,Tears Don't Fall,Bullet For My Valentine,The Poison,5.806433333333334,2025-03-11 15:06:26+00:00,2025-03-11,15,6,26,162.115,0.931,7,65,0,4,0.143,0.214,0.233,0.000705,3.09e-06
4xDwCYhobDehSBGUmd5H6Y,FEEL NOTHING,The Plot In You,DISPOSE,0.12228333333333333,2025-03-11 17:36:44+00:00,2025-03-11,17,36,44,144.17,0.825,4,76,0,4,0.0621,0.448,0.226,0.00353,0.0
5JCi3pyggvk4B0yd0BK3ow,Stay High - Habits Remix,Tove Lo,Queen Of The Clouds,0.6279166666666667,2025-03-15 10:19:16+00:00,2025-03-15,10,19,16,121.01,0.677,4,68,0,4,0.0352,0.736,0.0747,0.00114,0.844
31AOj9sFz2gM0O3hMARRBx,Losing My Religion,R.E.M.,Out Of Time,4.473766666666666,2025-04-09 15:59:25+00:00,2025-04-09,15,59,25,125.639,0.855,9,84,0,4,0.0295,0.666,0.803,0.179,1.2e-06
6PypGyiu0Y2lCDBN1XZEnP,Everybody Hurts,R.E.M.,Automatic For The People,4.21495,2025-04-09 16:03:40+00:00,2025-04-09,16,3,40,94.301,0.324,2,75,1,3,0.0255,0.467,0.166,0.615,0.0248
39lSeqnyjZJejRuaREfyLL,Hungry Like the Wolf - 2009 Remaster,Duran Duran,Rio,0.077,2025-04-09 16:03:47+00:00,2025-04-09,16,3,47,127.568,0.812,0,73,1,4,0.0558,0.691,0.685,0.0433,1.16e-06
3L7RtEcu1Hw3OXrpnthngx,Don't You Want Me,The Human League,Dare!,0.1734,2025-04-09 16:04:05+00:00,2025-04-09,16,4,5,117.656,0.738,9,76,0,4,0.0377,0.731,0.958,0.184,0.0
6qUEOWqOzu1rLPUPQ1ECpx,Walk This Way (feat. Aerosmith),Run–D.M.C.,Raising Hell,0.12013333333333333,2025-04-09 16:05:00+00:00,2025-04-09,16,5,0,105.448,0.711,9,70,1,4,0.0604,0.761,0.947,0.0174,0.000101
77NNZQSqzLNqh2A9JhLRkg,Don't Stop Believin',Journey,The Essential Journey,4.148433333333333,2025-04-09 16:21:55+00:00,2025-04-09,16,21,55,119.25,0.802,4,72,1,4,0.0392,0.491,0.472,0.25,0.0
0cGG2EouYCEEC3xfa0tDFV,Tainted Love,Soft Cell,Non-Stop Erotic Cabaret,2.5633333333333335,2025-04-09 16:24:29+00:00,2025-04-09,16,24,29,144.438,0.501,0,79,0,4,0.0376,0.5,0.623,0.462,0.0
098JUtp63d1Hsge11VuoD2,Don't Go,Yazoo,Upstairs at Eric’s,3.1411,2025-04-09 16:31:19+00:00,2025-04-09,16,31,19,126.236,0.411,6,18,1,4,0.0521,0.803,0.654,0.312,0.00344
0ikz6tENMONtK6qGkOrU3c,Wake Me Up Before You Go-Go,Wham!,Make It Big,3.85555,2025-04-09 16:39:40+00:00,2025-04-09,16,39,40,81.548,0.573,0,80,1,4,0.0423,0.62,0.897,0.271,0.0
4PTG3Z6ehGkBFwjybzWkR8,Never Gonna Give You Up,Rick Astley,Whenever You Need Somebody,3.55955,2025-04-09 16:43:14+00:00,2025-04-09,16,43,14,113.309,0.939,8,45,1,4,0.0376,0.721,0.914,0.115,3.79e-05
7N3PAbqfTjSEU1edb2tY8j,Jump - 2015 Remaster,Van Halen,1984,4.02665,2025-04-09 16:47:16+00:00,2025-04-09,16,47,16,129.981,0.835,0,78,1,4,0.0317,0.572,0.795,0.171,0.000377
4RvWPyQ5RL0ao9LPZeSouE,Everybody Wants To Rule The World,Tears For Fears,Songs From The Big Chair,4.191466666666667,2025-04-09 16:51:28+00:00,2025-04-09,16,51,28,112.067,0.795,7,87,1,4,0.0527,0.645,0.535,0.347,0.00389
4d6eqRtpDX7tydHJGDZUBQ,She Drives Me Crazy,Fine Young Cannibals,The Raw & The Cooked,3.596216666666667,2025-04-09 16:56:17+00:00,2025-04-09,16,56,17,108.804,0.687,2,74,1,4,0.0431,0.799,0.965,0.193,0.000188
3BGbqEDio3ocx1v4egIYr6,Walk Like an Egyptian,The Bangles,Different Light,3.4093333333333335,2025-04-09 16:59:42+00:00,2025-04-09,16,59,42,103.172,0.788,11,62,1,4,0.0825,0.711,0.757,0.0117,2.05e-06
15MJ5NThPjj6xhPcts8MiY,"Take My Breath Away - Love Theme from ""Top Gun""",Berlin,Top Gun - Motion Picture Soundtrack (Special Expanded Edition),4.262216666666666,2025-04-09 17:10:54+00:00,2025-04-09,17,10,54,95.769,0.719,6,76,1,4,0.0266,0.497,0.547,0.0613,0.0
2fuCquhmrzHpu5xcA1ci9x,Under Pressure - Remastered 2011,Queen,Hot Space,4.140666666666666,2025-04-09 17:15:03+00:00,2025-04-09,17,15,3,113.805,0.712,2,79,1,4,0.0476,0.671,0.462,0.429,0.0
4czNORk5MjW5WOn98bki32,All Night Long (All Night) - Single Version,Lionel Richie,Back To Front,4.3111,2025-04-09 17:19:22+00:00,2025-04-09,17,19,22,108.831,0.603,1,72,1,4,0.043,0.748,0.827,0.15,0.000261
4XX1pFUkQOZTYp6Hb6a6Ae,Venus,Bananarama,True Confessions,1.1177833333333334,2025-04-09 17:20:30+00:00,2025-04-09,17,20,30,126.113,0.961,9,67,1,4,0.0514,0.722,0.91,0.0883,0.61
7wuJGgpTNzbUyn26IOY6rj,Total Eclipse of the Heart,Bonnie Tyler,The Very Best of Bonnie Tyler,4.456,2025-04-09 17:44:36+00:00,2025-04-09,17,44,36,130.141,0.723,8,77,1,4,0.0568,0.431,0.19,0.145,0.0
7HKxTNVlkHsfMLhigmhC0I,Call Me,Blondie,Call Me,0.4518333333333333,2025-04-09 17:45:05+00:00,2025-04-09,17,45,5,142.673,0.833,2,69,0,4,0.0347,0.554,0.773,0.000646,0.0025
7Di7t9yGoxdZRLAt5a4pi0,Manic Monday,The Bangles,Different Light,0.08026666666666667,2025-04-09 17:49:44+00:00,2025-04-09,17,49,44,121.737,0.571,2,63,1,4,0.0299,0.685,0.869,0.335,2.38e-06
34x6hEJgGAOQvmlMql5Ige,"Danger Zone - From ""Top Gun"" Original Soundtrack",Kenny Loggins,"Yesterday, Today, Tomorrow - The Greatest Hits Of Kenny Loggins",0.07105,2025-04-09 17:50:17+00:00,2025-04-09,17,50,17,157.17,0.897,3,77,0,4,0.0471,0.544,0.647,0.241,0.0
4uOKFydzAejjSFqYbv1XPt,Red Red Wine,UB40,The Very Best Of,0.3268333333333333,2025-04-09 17:54:02+00:00,2025-04-09,17,54,2,89.119,0.468,1,73,1,4,0.0476,0.857,0.843,0.00414,1.32e-05
5Hyr47BBGpvOfcykSCcaw9,"Holding Out for a Hero - From ""Footloose"" Soundtrack",Bonnie Tyler,Secret Dreams and Forbidden Fire,5.80555,2025-04-09 17:59:50+00:00,2025-04-09,17,59,50,150.055,0.685,9,74,0,4,0.04,0.616,0.895,0.0245,1.13e-05
0GONea6G2XdnHWjNZd6zt3,Summer Of '69,Bryan Adams,Reckless,3.6008833333333334,2025-04-09 18:03:26+00:00,2025-04-09,18,3,26,139.131,0.834,2,82,1,4,0.0386,0.508,0.774,0.0183,0.0
4JEylZNW8SbO4zUyfVrpb7,Caribbean Queen (No More Love On the Run),Billy Ocean,The Very Best of Billy Ocean,4.073766666666667,2025-04-09 18:19:55+00:00,2025-04-09,18,19,55,113.798,0.649,5,69,1,4,0.0265,0.79,0.954,0.166,8.87e-05
0aAR5HogGoT68EWFbyRFqx,What A Feeling,Irene Cara,What A Feeling,0.8364666666666667,2025-04-09 18:23:13+00:00,2025-04-09,18,23,13,121.97,0.729,10,71,1,4,0.0474,0.532,0.595,0.382,0.0
2DlHlPMa4M17kufBvI2lEN,Chop Suey!,System Of A Down,Toxicity,3.504,2025-04-09 18:26:42+00:00,2025-04-09,18,26,42,127.066,0.934,7,83,0,4,0.119,0.417,0.287,0.000278,0.0015
0snQkGI5qnAmohLE7jTsTn,Toxicity,System Of A Down,Toxicity,3.6488833333333335,2025-04-09 18:30:22+00:00,2025-04-09,18,30,22,116.68,0.873,8,81,1,3,0.0536,0.413,0.48,0.000264,0.00249
4e9eGQYsOiBcftrWXwsVco,Aerials,System Of A Down,Toxicity,3.91755,2025-04-09 18:34:17+00:00,2025-04-09,18,34,17,79.342,0.922,0,77,0,4,0.0567,0.364,0.227,0.000915,0.0346
0EYOdF5FCkgOJJla8DI2Md,B.Y.O.B.,System Of A Down,Mezmerize,4.257766666666667,2025-04-09 18:41:22+00:00,2025-04-09,18,41,22,101.414,0.981,1,77,0,4,0.14,0.538,0.711,0.00662,0.0
31RTFPrB7wmYBhlkM2ILXG,Sugar,System Of A Down,System Of A Down,2.5633333333333335,2025-04-09 18:43:56+00:00,2025-04-09,18,43,56,131.073,0.889,1,73,1,4,0.261,0.451,0.586,0.00167,0.00215
249Z7XT6mf8B2zuI0RaeS0,Violent Pornography,System Of A Down,Mezmerize,3.5222166666666666,2025-04-09 18:53:47+00:00,2025-04-09,18,53,47,142.707,0.958,6,70,1,4,0.0877,0.459,0.586,0.0283,0.0
6gCVA6ja6g0foIsWv0RuSZ,ATWA,System Of A Down,Toxicity,2.9366666666666665,2025-04-09 18:56:44+00:00,2025-04-09,18,56,44,87.102,0.787,5,67,0,4,0.0394,0.376,0.371,0.00378,0.0
1p5jgCAGFDBIBs6ZbWIMvA,Bad Boy,Cascada,Everytime We Touch,0.0,2025-04-11 13:13:39+00:00,2025-04-11,13,13,39,139.991,0.978,11,55,0,4,0.0925,0.666,0.63,0.0149,0.0444
5YJtMNWKe55yr49cyJgxva,Everytime We Touch,Cascada,Everytime We Touch,0.05466666666666667,2025-04-11 13:26:04+00:00,2025-04-11,13,26,4,142.027,0.976,8,71,1,4,0.0519,0.633,0.493,0.00281,1.29e-05
0YZEYxd1oiqZRFhnnmTKKi,Another Life,Motionless In White,Disguise,1.5136,2025-04-25 17:33:14+00:00,2025-04-25,17,33,14,161.997,0.939,4,72,0,4,0.0787,0.39,0.495,5.08e-05,0.0
1v7L65Lzy0j0vdpRjJewt1,Lose Yourself,Eminem,Just Lose It,0.010783333333333334,2025-05-01 01:12:22+00:00,2025-05-01,1,12,22,171.355,0.735,2,79,1,4,0.264,0.686,0.0596,0.00921,0.00066
4m0q0xQ2BNl9SCAGKyfiGZ,Somebody Else,The 1975,"I like it when you sleep, for you are so beautiful yet so unaware of it",1.6935,2025-05-09 21:21:51+00:00,2025-05-09,21,21,51,101.015,0.793,0,73,1,4,0.0601,0.618,0.459,0.204,0.0154
67vYdAAM3oGsEImCRfbtsF,Times Like These,Foo Fighters,One By One (Expanded Edition),4.426,2025-05-09 22:37:15+00:00,2025-05-09,22,37,15,144.581,0.908,4,71,0,4,0.0879,0.376,0.266,1.4e-05,1.4e-05
2Zi27tBhXnDQTz3porgaiw,Here Without You - Acoustic Version,3 Doors Down,Seventeen Days,1.3695833333333334,2025-05-09 22:43:23+00:00,2025-05-09,22,43,23,143.734,0.574,10,64,0,4,0.0263,0.551,0.308,0.0203,0.0
4t2OeILB07eMGTXSUbMPEu,Oxytocin,Billie Eilish,Happier Than Ever,0.3468833333333333,2025-05-14 19:14:46+00:00,2025-05-14,19,14,46,124.951,0.598,11,72,1,4,0.058,0.757,0.18,0.0904,0.551
2W3EgJst61RLZtPPm3EQim,TERRITORY,The Blaze,TERRITORY,4.606216666666667,2025-05-25 19:27:47+00:00,2025-05-25,19,27,47,120.009,0.44,9,67,0,4,0.0822,0.563,0.213,0.286,0.683
5r5cp9IpziiIsR6b93vcnQ,Walking On A Dream,Empire Of The Sun,Walking On A Dream,3.3073333333333332,2025-05-30 21:12:46+00:00,2025-05-30,21,12,46,126.975,0.701,5,79,0,4,0.0458,0.871,0.716,0.257,7.52e-06
79npfYK6N5RnBc1jiaoHCr,Oblivion,M83,Oblivion (Original Motion Picture Soundtrack),0.27698333333333336,2025-06-08 14:43:03+00:00,2025-06-08,14,43,3,128.167,0.612,4,59,0,4,0.0358,0.399,0.0567,0.00317,0.33
08wnOyN1wyMaNrup3m353f,My Tears Are Becoming a Sea,M83,"Hurry up, We're Dreaming",2.5304333333333333,2025-06-08 15:16:31+00:00,2025-06-08,15,16,31,110.76,0.353,8,64,0,1,0.0509,0.162,0.0551,0.0993,0.274
3KVVhZUYs77OSujKlvWEXy,Leave Out All The Rest - One More Light Live,Linkin Park,One More Light Live,4.8453333333333335,2025-06-10 07:15:43+00:00,2025-06-10,7,15,43,159.982,0.694,0,46,1,4,0.0562,0.413,0.276,0.00286,0.00172
0zKs47fghFBtrEpxyUR1Wz,Burn It Down - One More Light Live,Linkin Park,One More Light Live,4.226216666666667,2025-06-10 12:10:58+00:00,2025-06-10,12,10,58,110.008,0.781,9,44,0,4,0.0509,0.658,0.542,0.0639,0.0
6Qyc6fS4DsZjB2mRW9DsQs,Iris,The Goo Goo Dolls,Dizzy up the Girl,12.494116666666667,2025-06-13 20:16:59+00:00,2025-06-13,20,16,59,155.925,0.715,11,83,0,3,0.0362,0.315,0.497,0.00125,7.97e-06
0b11D9D0hMOYCIMN3OKreM,Into Your Arms (feat. Ava Max),Witt Lowry,Into Your Arms (feat. Ava Max),0.5592,2025-06-13 20:17:37+00:00,2025-06-13,20,17,37,170.039,0.788,3,77,0,4,0.215,0.504,0.228,0.0134,0.0
3DamFFqW32WihKkTVlwTYQ,Fireflies,Owl City,Ocean Eyes,3.8057666666666665,2025-06-14 19:07:40+00:00,2025-06-14,19,7,40,180.114,0.662,3,79,1,4,0.0439,0.512,0.472,0.0275,0.0
16IzV3JdxmR3X10ZbWHlfB,SHE,The Blaze,DANCEHALL,3.644216666666667,2025-06-30 06:37:13+00:00,2025-06-30,6,37,13,125.027,0.829,9,63,0,4,0.0399,0.697,0.0398,0.0314,0.283
5YzaostcCu9Sgp5T7bFuX3,JUVENILE,The Blaze,TERRITORY,3.3948833333333335,2025-06-30 06:42:58+00:00,2025-06-30,6,42,58,127.013,0.554,9,59,0,4,0.0256,0.63,0.119,0.00393,0.829
09wrW4mdaoBrOFY6KSR94h,HEAVEN,The Blaze,DANCEHALL,3.6546666666666665,2025-06-30 06:46:38+00:00,2025-06-30,6,46,38,125.066,0.461,1,58,0,4,0.0313,0.613,0.0837,0.0257,0.75
397sfkANMRKEuchzPCvlFL,VIRILE,The Blaze,TERRITORY,5.359333333333334,2025-06-30 06:55:40+00:00,2025-06-30,6,55,40,120.012,0.462,3,57,1,4,0.0326,0.679,0.302,0.0442,0.793
6mW2IiQDrp66AUjCsRu6Kg,PLACES,The Blaze,DANCEHALL,3.580433333333333,2025-06-30 07:22:02+00:00,2025-06-30,7,22,2,99.994,0.448,2,58,1,4,0.0446,0.771,0.0364,0.493,0.708
7jRiYlv4KQU2vT6lG7I1to,BREATH,The Blaze,DANCEHALL,0.3750833333333333,2025-06-30 12:15:08+00:00,2025-06-30,12,15,8,124.995,0.502,11,57,0,4,0.0528,0.379,0.0373,0.158,0.533
5GHY1DFWKz3Prg2V0Iodqo,Nothing Compares 2 U,Sinéad O'Connor,I Do Not Want What I Haven't Got,1.3866166666666666,2025-06-30 12:32:29+00:00,2025-06-30,12,32,29,119.917,0.574,5,74,1,4,0.0273,0.512,0.161,0.0425,2.31e-05
1TnUURhehaoMWKAqQtirm6,Colors,Halsey,BADLANDS,0.07943333333333333,2025-06-30 21:29:14+00:00,2025-06-30,21,29,14,100.02,0.812,1,68,1,4,0.0617,0.512,0.521,0.0534,0.0
6ZFbXIJkuI1dVNWvzJzown,Time,Hans Zimmer,Inception,0.20856666666666668,2025-07-02 19:07:39+00:00,2025-07-02,19,7,39,62.881,0.0968,7,72,1,4,0.0323,0.286,0.0395,0.178,0.696
3fjmSxt0PskST13CSdBUFx,Somewhere I Belong,Linkin Park,Meteora,0.022233333333333334,2025-07-03 19:03:59+00:00,2025-07-03,19,3,59,162.065,0.951,1,73,1,4,0.0645,0.451,0.442,0.00038,2.39e-06
6IbnUaczZBT34DhaD6S18F,Bubblegum Bitch,MARINA,Electra Heart,2.5777666666666668,2025-07-05 17:52:21+00:00,2025-07-05,17,52,21,158.024,0.856,0,78,0,4,0.0311,0.495,0.609,0.000219,0.0
1s9i7W8zx7Nxx78MUIsvjV,Outro,M83,"Hurry up, We're Dreaming",0.4364166666666667,2025-07-09 18:43:04+00:00,2025-07-09,18,43,4,108.893,0.256,2,65,1,4,0.0346,0.162,0.0784,0.0332,0.0923
1zZQCz81Mr1XiiQ7SkRanG,A Journey (A Dream of Flight),Joe Hisaishi,The Wind Rises Soundtrack,0.24141666666666667,2025-07-13 21:01:18+00:00,2025-07-13,21,1,18,80.011,0.306,7,53,1,4,0.0341,0.349,0.18,0.783,0.00932
5Djt1AQnhfhYJjs4m7WS6G,The Night We Met,Lord Huron,The Night We Met,3.4846833333333334,2025-07-14 21:02:35+00:00,2025-07-14,21,2,35,174.145,0.362,9,61,1,3,0.0402,0.424,0.123,0.974,0.18
7qH9Z4dJEN0l9bidizW7fq,Anchor,Novo Amor,Bathing Beach,4.292216666666667,2025-07-14 21:08:42+00:00,2025-07-14,21,8,42,117.053,0.407,9,75,1,4,0.0308,0.457,0.126,0.805,0.884
01Q3OyB05mLgH01fpdAMPP,Wait,M83,"Hurry up, We're Dreaming",1.26155,2025-07-15 06:16:12+00:00,2025-07-15,6,16,12,147.994,0.228,2,72,1,4,0.0322,0.426,0.0822,0.198,0.13
4IoYz8XqqdowINzfRrFnhi,You Found Me,The Fray,The Fray,4.030883333333334,2025-07-15 18:08:32+00:00,2025-07-15,18,8,32,151.994,0.803,8,74,0,4,0.0413,0.338,0.4,0.0187,0.0
1wIE2nfv5oF3ld71AriEDP,Still Worth Fighting For,My Darkest Days,My Darkest Days,0.8997666666666667,2025-07-15 19:49:37+00:00,2025-07-15,19,49,37,115.969,0.873,5,60,0,4,0.0435,0.474,0.372,0.00326,0.0
7bhfPxNDc3Wtzu5Fx8FnNx,"Circle of Life - From ""The Lion King"" Soundtrack",Carmen Twillie,Disney Summer Songs,0.16496666666666668,2025-07-16 06:29:07+00:00,2025-07-16,6,29,7,83.415,0.592,10,53,1,4,0.0451,0.321,0.557,0.0323,0.0
2aI21FnmY7TJVKeMaoQZ0t,Say It Right,Nelly Furtado,Loose,3.718,2025-07-16 18:40:21+00:00,2025-07-16,18,40,21,116.948,0.872,1,79,1,4,0.139,0.872,0.809,0.0476,0.00112
1FzbOPWCZiNxnLjAhY1jAR,In And Out Of Love,Armin van Buuren,In And Out of Love,0.15015,2025-07-16 18:46:40+00:00,2025-07-16,18,46,40,134.947,0.705,5,49,0,4,0.0301,0.526,0.413,0.067,6.4e-05
3UN6cIn3VIyg0z1LCuFSum,Without You (feat. Usher),David Guetta,Nothing but the Beat,0.17105,2025-07-21 09:40:51+00:00,2025-07-21,9,40,51,127.884,0.614,2,70,1,4,0.0285,0.608,0.402,0.227,4.06e-06
4odiyU3myG29Ld0wurMfE8,She Doesn't Mind,Sean Paul,Tomahawk Technique,3.7964333333333333,2025-07-21 09:51:59+00:00,2025-07-21,9,51,59,120.015,0.776,7,70,0,4,0.0693,0.718,0.622,0.000624,5.3e-06
4SkmZvciMZmMinCeEA7g5L,4 to the Floor (feat. Nikol Apatini),HUGEL,4 to the Floor (feat. Nikol Apatini),2.9430833333333335,2025-07-21 09:57:47+00:00,2025-07-21,9,57,47,122.983,0.894,6,53,0,4,0.0376,0.606,0.154,0.00379,0.0994
2d6m2F4I7wCuAKtSsdhh83,Famous Last Words,My Chemical Romance,The Black Parade,3.7542666666666666,2025-07-21 19:46:23+00:00,2025-07-21,19,46,23,122.252,0.883,2,73,0,4,0.106,0.467,0.309,0.000321,0.000152
0tXzxt3aJcfKu9L5i7tgfK,Renegade,Kavinsky,Reborn,0.24175,2025-07-23 14:08:13+00:00,2025-07-23,14,8,13,92.022,0.538,9,54,0,4,0.0319,0.61,0.556,0.0385,0.0
3RptaQ5Xb8WvtpItZ2f9Hi,Snuff,Slipknot,All Hope Is Gone,3.6437,2025-07-24 11:41:01+00:00,2025-07-24,11,41,1,123.962,0.69,6,70,0,4,0.0425,0.544,0.219,0.012,0.0095
61mWefnWQOLf90gepjOCb3,Duality,Slipknot,Vol. 3: The Subliminal Verses,4.210216666666667,2025-07-24 11:48:49+00:00,2025-07-24,11,48,49,143.772,0.982,4,80,0,4,0.168,0.354,0.194,0.000237,0.000294
1ZLtE9tSJdaUiIJ9YoKHQe,Decode,Paramore,Decode,4.366,2025-07-24 11:53:11+00:00,2025-07-24,11,53,11,164.057,0.87,10,73,0,4,0.0592,0.28,0.284,0.000686,0.00608
1ibeKVCiXORhvUpMmtsQWq,Pieces,Sum 41,Chuck,3.034,2025-07-24 11:56:14+00:00,2025-07-24,11,56,14,99.93,0.83,5,69,1,4,0.0321,0.457,0.602,0.00682,0.00337
4RAOI1etsgbh5NP3T5R8rN,I Don't Love You,My Chemical Romance,The Black Parade,0.15716666666666668,2025-07-24 11:56:25+00:00,2025-07-24,11,56,25,169.835,0.796,0,73,1,4,0.0494,0.289,0.33,0.00837,2.61e-05
3RAFcUBrCNaboRXoP3S5t1,Psychosocial,Slipknot,All Hope Is Gone,2.3745,2025-07-24 12:06:47+00:00,2025-07-24,12,6,47,135.146,0.981,2,76,1,4,0.0887,0.568,0.307,0.00269,0.00275
57BrRMwf9LrcmuOsyGilwr,Crawling,Linkin Park,Hybrid Theory,3.482666666666667,2025-07-24 12:12:38+00:00,2025-07-24,12,12,38,105.076,0.702,4,76,1,4,0.0337,0.58,0.299,0.0466,3.2e-06
5dTHtzHFPyi8TlTtzoz1J9,Helena,My Chemical Romance,Three Cheers for Sweet Revenge,3.195883333333333,2025-07-24 12:16:51+00:00,2025-07-24,12,16,51,125.921,0.96,4,76,1,4,0.104,0.356,0.0857,0.0142,0.0
10ASBwZsp7oUUDsJEYz3uS,Dance With The Devil,Breaking Benjamin,Phobia,3.7851,2025-07-24 12:28:03+00:00,2025-07-24,12,28,3,155.041,0.929,3,68,0,3,0.142,0.345,0.181,0.00015,0.00106
0COqiPhxzoWICwFCS4eZcp,Bring Me To Life,Evanescence,Fallen,3.93155,2025-07-24 12:31:59+00:00,2025-07-24,12,31,59,94.612,0.943,4,82,0,4,0.0698,0.331,0.296,0.00721,2.06e-06
5wQnmLuC1W7ATsArWACrgW,Welcome to the Black Parade,My Chemical Romance,The Black Parade,1.56075,2025-07-24 12:33:35+00:00,2025-07-24,12,33,35,96.95,0.905,2,79,1,4,0.0752,0.217,0.236,0.000289,0.00011
2vPZ4Lklyu75zBR3SgbFNI,Snuff,Slipknot,All Hope Is Gone,0.012383333333333333,2025-07-24 12:37:27+00:00,2025-07-24,12,37,27,123.962,0.69,6,65,0,4,0.0425,0.544,0.219,0.012,0.0095
1Bv3h7Vc4AaYA2BcSM3rVd,All I Wanted,Paramore,Brand New Eyes,3.7631,2025-07-28 11:09:43+00:00,2025-07-28,11,9,43,144.036,0.723,6,72,0,4,0.0441,0.494,0.152,0.0192,0.0322
0WSa1sucoNRcEeULlZVQXj,Can You Feel My Heart,Bring Me The Horizon,Sempiternal,3.8024333333333336,2025-07-28 11:17:20+00:00,2025-07-28,11,17,20,170.527,0.859,4,81,0,5,0.0595,0.15,0.354,0.00201,0.194
4R8BdwRidxAWaYyFNU00P1,War Of Hearts,Ruelle,Up In Flames,0.02515,2025-07-28 11:49:17+00:00,2025-07-28,11,49,17,147.961,0.781,9,71,0,3,0.124,0.479,0.258,0.221,0.55
54hj06Z7sm7DaHSrGGMAZG,Meet Me In The Woods,Lord Huron,Strange Trails,4.37015,2025-07-28 12:19:32+00:00,2025-07-28,12,19,32,80.501,0.926,6,60,0,1,0.0446,0.543,0.604,0.387,0.456
2IWtloZYQDcP8Ashwx8QEF,Black Out Days,Phantogram,Voices,0.030566666666666666,2025-07-28 12:49:24+00:00,2025-07-28,12,49,24,92.234,0.795,4,77,0,4,0.0368,0.542,0.431,0.00506,0.019
38GBNKZUhfBkk3oNlWzRYd,NDA,Billie Eilish,Happier Than Ever,3.2629333333333332,2025-07-28 16:26:18+00:00,2025-07-28,16,26,18,85.016,0.373,8,77,1,4,0.0713,0.765,0.554,0.341,0.525
7qFtcljd0PZ5kJZos70YjT,chance with you,mehro,SKY ON FIRE,0.46153333333333335,2025-07-28 16:46:48+00:00,2025-07-28,16,46,48,144.104,0.494,4,71,0,4,0.0278,0.562,0.383,0.864,0.0259
0VO8gYVDSwM1Qdd2GsMoYK,Moth To A Flame (with The Weeknd),Swedish House Mafia,Paradise Again,0.12443333333333334,2025-07-28 16:46:56+00:00,2025-07-28,16,46,56,120.146,0.659,8,83,1,4,0.0391,0.553,0.105,0.0027,0.0
5l6hpyTGBK0LAAxgPnqTQL,Look After You,The Fray,How To Save A Life,4.4462166666666665,2025-07-29 09:54:42+00:00,2025-07-29,9,54,42,78.039,0.592,6,71,0,4,0.0319,0.447,0.283,0.0575,4.47e-06
5E30LdtzQTGqRvNd7l6kG5,Daddy Issues,The Neighbourhood,Wiped Out!,0.16293333333333335,2025-07-31 14:51:32+00:00,2025-07-31,14,51,32,85.012,0.521,10,87,1,4,0.0329,0.588,0.337,0.0678,0.149
7IL8PSVwLOJxqYne6azxQv,Pretty Boy,The Neighbourhood,Chip Chrome & The Mono-Tones,0.6781666666666667,2025-07-31 14:55:06+00:00,2025-07-31,14,55,6,154.902,0.386,6,75,1,4,0.0278,0.578,0.569,0.208,0.0453
0GTPmh5G40joBg93vcSQNq,Don't Say Goodbye (feat. Tove Lo),Alok,Don't Say Goodbye (feat. Tove Lo),3.111666666666667,2025-07-31 15:13:01+00:00,2025-07-31,15,13,1,120.062,0.719,0,73,0,4,0.0455,0.698,0.364,0.00829,4.01e-06
4ga4WvRNhMsIL38pkBbnIN,Pressure (feat. Tove Lo),Martin Garrix,Pressure (feat. Tove Lo),2.18075,2025-07-31 17:37:27+00:00,2025-07-31,17,37,27,114.978,0.558,7,70,0,4,0.0902,0.859,0.357,0.659,0.324
0tDC3KJPPu5eonGTtCURpq,Headlights (feat. Ilsey),Robin Schulz,Sugar,3.4868,2025-08-05 00:58:01+00:00,2025-08-05,0,58,1,122.002,0.685,11,60,1,4,0.0367,0.597,0.369,0.0245,0.000335
7CoMBpPTwQi2wPT0U0Nr9b,State Lines,Novo Amor,Birthplace,3.47755,2025-08-05 01:01:30+00:00,2025-08-05,1,1,30,137.474,0.31,9,73,1,3,0.0313,0.509,0.151,0.959,0.229
7bhI6rnvaVw8qgZPn32qE0,Looking Too Closely,Fink,Hard Believer,5.178216666666667,2025-08-05 01:14:46+00:00,2025-08-05,1,14,46,175.094,0.519,2,62,1,4,0.0358,0.477,0.102,0.328,0.748
0u4rkpmNtgcFxYHepnVF4v,Carry You,Novo Amor,Bathing Beach,4.5517666666666665,2025-08-05 01:29:04+00:00,2025-08-05,1,29,4,93.445,0.397,7,68,1,4,0.0284,0.334,0.035,0.558,0.0774
2s8q3MEyTXW7wZjmXkDxDW,We Own the Sky,M83,Saturdays = Youth,5.045766666666666,2025-08-05 02:14:50+00:00,2025-08-05,2,14,50,140.056,0.747,9,51,1,4,0.0323,0.403,0.237,0.000118,0.0433
1g0xyCMUBKUaMDCk00Hhmk,Embody Me,Novo Amor,Bathing Beach,3.17155,2025-08-05 02:18:01+00:00,2025-08-05,2,18,1,121.107,0.263,0,61,1,4,0.0321,0.476,0.147,0.935,0.00179
0yac0FPhLRH9i9lOng3f81,Everybody's Changing,Keane,Hopes And Fears,3.598,2025-08-05 02:21:37+00:00,2025-08-05,2,21,37,94.015,0.839,0,74,1,4,0.0287,0.517,0.416,0.0014,0.000365
1na2MOlie83rN9sTNRuEOj,I Need You,M83,Divergent: Original Motion Picture Soundtrack,3.021333333333333,2025-08-05 02:37:03+00:00,2025-08-05,2,37,3,72.259,0.526,2,57,1,4,0.0326,0.187,0.0739,0.0261,0.0342
5eG8QuQKOBvDeCyoOeMkhT,Alps,Novo Amor,Alps,3.236,2025-08-05 02:40:18+00:00,2025-08-05,2,40,18,146.631,0.311,3,61,1,3,0.0321,0.354,0.135,0.965,0.0315
4sDbdBjuYQVdNNB4PiHUPo,Coastline,Hollow Coves,Wanderlust,3.89955,2025-08-05 02:44:12+00:00,2025-08-05,2,44,12,100.17,0.496,2,74,1,4,0.0277,0.67,0.427,0.627,0.00319
6vi4I2vZkN5mDePmVSSVTq,Reunion,M83,"Hurry up, We're Dreaming",3.9231,2025-08-05 03:02:06+00:00,2025-08-05,3,2,6,124.024,0.823,7,49,1,4,0.0466,0.427,0.311,6e-05,0.000129
2oa53bhiNPCz2CGh26AYxi,Colourway,Novo Amor,Bathing Beach,3.8027333333333333,2025-08-05 03:05:54+00:00,2025-08-05,3,5,54,158.924,0.371,3,60,1,4,0.0313,0.261,0.149,0.96,0.856
6MY1xABxoZATrEr4FeUhEM,Delicate,Damien Rice,O,5.2011,2025-08-05 03:16:25+00:00,2025-08-05,3,16,25,81.179,0.144,5,56,1,4,0.0419,0.34,0.147,0.684,0.00112
3ePd4K8tcdfr7KmbuOTrKK,From Gold,Novo Amor,"Woodgate, NY",3.57225,2025-08-05 03:31:01+00:00,2025-08-05,3,31,1,100.253,0.433,5,62,1,4,0.0364,0.392,0.0432,0.92,0.646
7i1DkDc2j0yVsSt3jjDvk3,Weather,Novo Amor,"Woodgate, NY",3.8671,2025-08-05 03:55:32+00:00,2025-08-05,3,55,32,143.848,0.242,6,62,1,4,0.0313,0.527,0.112,0.939,0.0435
7w0FV6ViNDZFy9Mu90sQzl,Intro,M83,"Hurry up, We're Dreaming",5.379333333333333,2025-08-05 04:22:20+00:00,2025-08-05,4,22,20,105.013,0.765,6,50,1,4,0.0319,0.41,0.0381,0.00109,7e-05
5xYpEeGFXmkGMBQ22NfKfO,Keep Me,Novo Amor,"Cannot Be, Whatsoever",3.2426666666666666,2025-08-05 04:29:37+00:00,2025-08-05,4,29,37,104.784,0.131,1,69,1,4,0.029,0.567,0.0657,0.888,0.0553
1SKPmfSYaPsETbRHaiA18G,Somewhere Only We Know,Keane,Hopes And Fears,3.9524333333333335,2025-08-05 04:33:35+00:00,2025-08-05,4,33,35,172.004,0.665,9,85,1,4,0.026,0.448,0.304,0.06,2.55e-05
5377z0OljWvRR7CdSQrJxP,The Woods,Hollow Coves,Wanderlust,4.025766666666667,2025-08-05 04:37:37+00:00,2025-08-05,4,37,37,106.05,0.41,9,61,1,4,0.0455,0.802,0.224,0.411,0.00107
18mNRyfNGQvVfwTJo27sNR,Go!,M83,Junk,3.9288833333333333,2025-08-05 04:46:06+00:00,2025-08-05,4,46,6,90.994,0.742,7,47,0,4,0.0291,0.497,0.209,0.00132,0.0395
5shiLLxKQ4U7XLELZeXzxy,Terraform,Novo Amor,Heiress,4.198666666666667,2025-08-05 04:54:43+00:00,2025-08-05,4,54,43,71.967,0.218,11,50,1,4,0.0304,0.475,0.193,0.979,0.385
0BhGZmaQ1SET53qGkGvwxD,Silenced By The Night,Keane,Strangeland,3.2744333333333335,2025-08-05 04:58:00+00:00,2025-08-05,4,58,0,111.985,0.809,1,60,1,4,0.0288,0.515,0.237,0.00188,9.86e-06
0SBohN5M0676aJQ5gtRmBk,Callow,Novo Amor,Callow,3.2748333333333335,2025-08-05 05:20:26+00:00,2025-08-05,5,20,26,109.909,0.393,1,45,1,4,0.0307,0.385,0.0918,0.614,0.725
233sHWbC7v5XM9dYZnaUHx,Seneca,Novo Amor,Birthplace,4.462433333333333,2025-08-05 05:47:36+00:00,2025-08-05,5,47,36,78.895,0.341,0,52,0,4,0.0337,0.182,0.113,0.972,0.608
6sinw4zZPdNS2ftU1QfTyK,A Bad Dream,Keane,Under The Iron Sea,5.0713333333333335,2025-08-05 05:52:41+00:00,2025-08-05,5,52,41,145.055,0.729,1,54,1,4,0.0302,0.408,0.279,0.00731,3.98e-06
2PYRqwROIlW4t4Gh0uDD3d,Cold,Novo Amor,"Woodgate, NY",4.384083333333334,2025-08-05 06:16:44+00:00,2025-08-05,6,16,44,67.552,0.304,3,59,1,4,0.0344,0.411,0.0393,0.791,0.383
5yyRH93h4Pm6tXXYTxt7ea,The Blower's Daughter,Damien Rice,O,4.77755,2025-08-05 06:25:47+00:00,2025-08-05,6,25,47,133.113,0.2,4,65,1,4,0.0324,0.342,0.0743,0.134,0.000153
6Thn8AOHIwPCkf2O4ZgfC2,Song for Zula,Phosphorescent,Muchacho,6.17,2025-08-05 06:50:04+00:00,2025-08-05,6,50,4,86.007,0.623,4,62,1,4,0.0358,0.486,0.525,0.734,0.536
1lO9rzG6zQwduAprZAI7N1,Welcome to the Jungle,Novo Amor,Welcome to the Jungle,3.271316666666667,2025-08-05 07:09:28+00:00,2025-08-05,7,9,28,128.882,0.313,3,44,1,4,0.0302,0.457,0.0657,0.97,0.378
6Tvzf3VEi16JMhAgOwdt2y,Birds,Imagine Dragons,Origins,3.6573333333333333,2025-08-05 07:13:08+00:00,2025-08-05,7,13,8,119.997,0.517,1,72,0,4,0.0297,0.649,0.35,0.0146,1.63e-06
6Vejmu5dz6MMOnn2pIko9q,Forest Fires,Axel Flóvent,Forest Fires,3.5154,2025-08-05 07:25:28+00:00,2025-08-05,7,25,28,117.967,0.295,7,63,0,4,0.0299,0.64,0.152,0.701,1.08e-05
6RUKPb4LETWmmr3iAEQktW,Something Just Like This,The Chainsmokers,Memories...Do Not Open,4.1193333333333335,2025-08-05 07:37:40+00:00,2025-08-05,7,37,40,103.019,0.635,11,85,0,4,0.0317,0.617,0.446,0.0498,1.44e-05
27Db1BCtkCQ4bFvENFYogm,Holland,Novo Amor,"Woodgate, NY",2.664616666666667,2025-08-05 07:46:56+00:00,2025-08-05,7,46,56,137.993,0.174,1,60,1,4,0.0372,0.496,0.0903,0.907,0.0721
7MIMNleq34UeRnlLRdPpGY,The Woods - Acoustic,Hollow Coves,The Woods,3.9993333333333334,2025-08-05 08:04:01+00:00,2025-08-05,8,4,1,104.991,0.558,9,63,1,4,0.0278,0.568,0.287,0.724,0.000331
5g7rJvWYVrloJZwKiShqlS,Dirty Paws,Of Monsters and Men,My Head Is An Animal,4.63955,2025-08-05 08:34:58+00:00,2025-08-05,8,34,58,111.709,0.649,3,70,1,4,0.0349,0.359,0.133,0.107,0.0124
5hnyJvgoWiQUYZttV4wXy6,Chasing Cars,Snow Patrol,Eyes Open,4.466,2025-08-05 08:52:54+00:00,2025-08-05,8,52,54,104.011,0.595,9,80,1,4,0.0274,0.56,0.144,0.199,6.47e-05
72jbDTw1piOOj770jWNeaG,Paris,The Chainsmokers,Memories...Do Not Open,3.6917666666666666,2025-08-05 09:31:44+00:00,2025-08-05,9,31,44,99.99,0.658,2,74,1,4,0.0304,0.653,0.219,0.0215,1.66e-06
0E3HnGJSMplqBSYGsh2exH,Running in the Night,FM-84,Atlas,4.5,2025-08-05 12:55:39+00:00,2025-08-05,12,55,39,133.015,0.714,2,56,0,4,0.0371,0.527,0.375,0.00664,1.16e-06
0gmbgwZ8iqyMPmXefof8Yf,How You Remind Me,Nickelback,Silver Side Up,3.7306666666666666,2025-08-05 12:59:23+00:00,2025-08-05,12,59,23,172.094,0.764,10,80,1,4,0.033,0.446,0.543,0.00135,0.0
1u8c2t2Cy7UBoG4ArRcF5g,Blank Space,Taylor Swift,1989,3.863766666666667,2025-08-05 13:13:55+00:00,2025-08-05,13,13,55,95.997,0.703,5,85,1,4,0.054,0.76,0.57,0.103,0.0
1MTQHCpraD4S8g5PAFKzoj,Behind Blue Eyes,Limp Bizkit,Results May Vary,4.49955,2025-08-05 13:33:22+00:00,2025-08-05,13,33,22,120.315,0.489,7,74,1,4,0.0271,0.595,0.0902,0.497,0.0
0b18g3G5spr4ZCkz7Y6Q0Q,Rasputin,Majestic,Rasputin,3.1035,2025-08-08 19:41:03+00:00,2025-08-08,19,41,3,128.04,0.913,6,80,0,4,0.113,0.758,0.658,0.00364,6.92e-05
4wH4dJgrsxONID6KS2tDQM,Maneater,Nelly Furtado,Loose,4.314883333333333,2025-08-08 20:22:06+00:00,2025-08-08,20,22,6,132.722,0.777,6,80,1,4,0.0397,0.796,0.787,0.0261,0.000358
4zN21mbAuaD0WqtmaTZZeP,Ferrari,James Hype,Ferrari,3.1110333333333333,2025-08-08 21:02:50+00:00,2025-08-08,21,2,50,125.004,0.69,1,90,0,4,0.0493,0.847,0.692,0.0127,6e-05
5ZduaRci3iNUiDfJbBfAaf,Give It To Me - Full Vocal Mix,Matt Sassari,Give It To Me,1.71435,2025-08-08 21:04:33+00:00,2025-08-08,21,4,33,126.027,0.869,1,79,0,4,0.0315,0.874,0.726,0.00116,0.00238
7MIhUdNJtaOnDmC5nBC1fb,Deep Down (feat. Never Dull),Alok,Deep Down (feat. Never Dull),2.76255,2025-08-08 21:14:45+00:00,2025-08-08,21,14,45,125.952,0.818,0,84,1,4,0.0778,0.687,0.886,0.0112,0.0
0siYMEsGrzzzlWLXK5zJfS,BED,Joel Corry,BED,2.9681333333333333,2025-08-08 21:21:10+00:00,2025-08-08,21,21,10,123.989,0.782,6,76,1,4,0.0341,0.671,0.618,0.0142,0.00221
6ho0GyrWZN3mhi9zVRW7xi,Losing It,FISHER,Losing It,2.1719,2025-08-08 21:43:30+00:00,2025-08-08,21,43,30,125.003,0.964,2,75,1,4,0.0577,0.76,0.643,0.00181,0.703
2DHDuADAHoUW6n0z80RLQF,Pieces,Andrew Belle,Black Bear,4.01865,2025-08-14 11:01:53+00:00,2025-08-14,11,1,53,137.018,0.652,6,60,0,4,0.0314,0.494,0.298,0.0754,0.00256
1SN1vSPsr4V4tIUTR3s8YW,Fast Car,Jonas Blue,Blue,0.5001,2025-08-14 13:03:00+00:00,2025-08-14,13,3,0,113.945,0.578,9,73,1,4,0.0569,0.672,0.548,0.469,0.0
4MzXwWMhyBbmu6hOcLVD49,DÁKITI,Bad Bunny,EL ÚLTIMO TOUR DEL MUNDO,3.4181666666666666,2025-08-14 14:56:27+00:00,2025-08-14,14,56,27,109.928,0.573,4,80,0,4,0.0544,0.731,0.145,0.401,5.22e-05
3NgAAoUZPkxL5mpvUI7Rl5,Parachute,Paul Kalkbrenner,Parachute,3.8369166666666668,2025-08-14 15:22:43+00:00,2025-08-14,15,22,43,126.96,0.506,11,59,1,4,0.0317,0.646,0.252,0.319,0.456
0bMOyiuk22fAKiwNoYsRYN,Can You Feel My Heart - Remix,Bring Me The Horizon,Can You Feel My Heart,0.19891666666666666,2025-08-15 07:39:44+00:00,2025-08-15,7,39,44,139.942,0.88,9,59,0,4,0.0507,0.576,0.836,0.00675,0.0
6nXIYClvJAfi6ujLiKqEq8,Sky's Still Blue,Andrew Belle,The Daylight EP,4.072,2025-08-15 10:33:57+00:00,2025-08-15,10,33,57,171.864,0.791,6,62,0,4,0.0302,0.43,0.217,0.0726,0.0193
24LS4lQShWyixJ0ZrJXfJ5,Sweet Nothing (feat. Florence Welch),Calvin Harris,18 Months,3.542666666666667,2025-08-15 22:16:58+00:00,2025-08-15,22,16,58,127.934,0.929,8,72,0,4,0.109,0.573,0.582,0.197,0.000112
07nH4ifBxUB4lZcsf44Brn,Blame (feat. John Newman),Calvin Harris,Motion,0.07585,2025-08-15 23:11:31+00:00,2025-08-15,23,11,31,128.024,0.857,0,76,0,4,0.0808,0.414,0.348,0.0287,0.00574
285HeuLxsngjFn4GGegGNm,"Hey Mama (feat. Nicki Minaj, Bebe Rexha & Afrojack)",David Guetta,Listen,3.2093333333333334,2025-08-15 23:23:42+00:00,2025-08-15,23,23,42,85.979,0.73,9,75,1,4,0.151,0.596,0.525,0.24,0.0
6i8GiLfa1PAwKl4SBfpFVt,Silvery,Novo Amor,Heiress,3.8768833333333332,2025-08-16 10:39:12+00:00,2025-08-16,10,39,12,120.033,0.364,1,47,1,4,0.0328,0.535,0.0956,0.948,0.082
1gihuPhrLraKYrJMAEONyc,Feel So Close - Radio Edit,Calvin Harris,18 Months,1.4541166666666667,2025-08-16 23:35:17+00:00,2025-08-16,23,35,17,127.937,0.924,7,80,1,4,0.031,0.707,0.919,0.000972,0.00703
1fr92Vupmcs2vgLMFVQ7rd,In the Shadows,The Rasmus,Dead Letters,4.298666666666667,2025-08-16 23:49:07+00:00,2025-08-16,23,49,7,105.991,0.796,2,70,1,4,0.0275,0.6,0.75,0.000109,5.2e-05
3uwnnTQcHM1rDqSfA4gQNz,Cool for the Summer,Demi Lovato,Confident,3.5789833333333334,2025-08-17 12:58:10+00:00,2025-08-17,12,58,10,114.06,0.61,5,81,0,4,0.0382,0.583,0.336,0.00425,0.000105
0GzQB5WXavUEU8tfTCAd8m,Cuando zarpa el amor,Camela,Diez De Corazon,0.5101833333333333,2025-08-21 09:44:38+00:00,2025-08-21,9,44,38,113.924,0.914,1,56,0,4,0.0517,0.768,0.698,0.0855,5.22e-06
1b5t5WxtB7tg24OulHyXbQ,Only,RY X,Dawn,4.474266666666667,2025-08-22 15:38:02+00:00,2025-08-22,15,38,2,83.182,0.175,7,34,0,3,0.0308,0.293,0.089,0.903,0.528
2KnuaZYoGzDoHiBTNYOTXG,Billie Bossa Nova,Billie Eilish,Happier Than Ever,3.27885,2025-08-22 15:41:19+00:00,2025-08-22,15,41,19,110.023,0.389,7,76,0,4,0.11,0.895,0.549,0.222,0.0346
2u0CelO5c81XS7z3dGpHbS,The Beach,The Neighbourhood,Wiped Out!,4.2522166666666665,2025-08-22 15:53:26+00:00,2025-08-22,15,53,26,135.739,0.64,2,78,0,4,0.0608,0.245,0.105,0.131,8.11e-06
0EfsDEYaSjGYd66Pr881nq,Cry Baby,The Neighbourhood,Wiped Out!,3.9193333333333333,2025-08-22 16:23:16+00:00,2025-08-22,16,23,16,108.033,0.656,4,74,0,4,0.0294,0.581,0.338,0.00269,2.78e-06
0PLhwCmQ7cC3ThRGPn3HxF,Mess It Up,Gracie Abrams,Mess It Up,2.8546666666666667,2025-08-22 16:42:48+00:00,2025-08-22,16,42,48,132.992,0.582,0,66,1,4,0.12,0.765,0.36,0.245,8.21e-05
1fDFHXcykq4iw8Gg7s5hG9,About You,The 1975,Being Funny In A Foreign Language,5.441516666666667,2025-08-22 16:48:14+00:00,2025-08-22,16,48,14,95.967,0.762,2,73,1,4,0.0279,0.416,0.461,0.312,0.804
2VlLbhGLVJgdOW7kKdWWFc,Six Feet Under,Billie Eilish,Six Feet Under,3.1602166666666665,2025-08-22 17:12:21+00:00,2025-08-22,17,12,21,67.513,0.307,11,75,0,4,0.0428,0.576,0.157,0.807,0.000355
113xf7t4qNM7038YJvauik,Nervous,The Neighbourhood,Hard To Imagine The Neighbourhood Ever Changing,4.083333333333333,2025-08-22 18:03:54+00:00,2025-08-22,18,3,54,119.837,0.614,0,70,0,4,0.0426,0.589,0.318,0.0213,0.165
5GbVzc6Ex5LYlLJqzRQhuy,Mystery of Love,Sufjan Stevens,Mystery of Love,4.149333333333334,2025-08-22 18:11:15+00:00,2025-08-22,18,11,15,132.285,0.273,4,71,0,5,0.038,0.365,0.238,0.94,0.431
1Fid2jjqsHViMX6xNH70hE,Atlantis,Seafret,Tell Me It's Real,3.81955,2025-08-22 18:28:52+00:00,2025-08-22,18,28,52,166.159,0.479,8,90,0,4,0.0308,0.4,0.213,0.0529,2.14e-06
4nyF5lmSziBAt7ESAUjpbx,"I miss you, I’m sorry",Gracie Abrams,minor,2.7923,2025-08-22 18:52:04+00:00,2025-08-22,18,52,4,109.885,0.455,7,73,1,5,0.0575,0.445,0.151,0.731,1.47e-06
2DgdHcjWmO3qd50RzuBLgZ,House of Memories,Panic! At The Disco,Death of a Bachelor,2.0801166666666666,2025-08-27 10:39:29+00:00,2025-08-27,10,39,29,109.952,0.817,11,85,0,4,0.0335,0.506,0.506,0.00272,0.0
62pSYErgGri97X9aIyBzHm,Got 2 Luv U (feat. Alexis Jordan),Sean Paul,Tomahawk Technique,2.9458333333333333,2025-08-28 15:02:32+00:00,2025-08-28,15,2,32,184.032,0.793,7,65,0,4,0.297,0.605,0.647,0.0825,0.0
7ks6AZmFcm3Y6PGGxGSmlB,Where Them Girls At (feat. Nicki Minaj & Flo Rida),David Guetta,Nothing but the Beat,3.247333333333333,2025-08-31 11:15:04+00:00,2025-08-31,11,15,4,129.884,0.876,3,73,1,4,0.0414,0.666,0.552,0.055,0.0
05SBRd4fXgn8FX7bf8BCAE,I Need Your Love (feat. Ellie Goulding),Calvin Harris,18 Months,3.9084333333333334,2025-08-31 11:22:56+00:00,2025-08-31,11,22,56,124.989,0.869,8,71,1,4,0.0483,0.695,0.58,0.41,0.0
4zLBcDtvYNVtF9fnG6lme3,Sun Goes Down (feat. Jasmine Thompson) - Radio Mix,Robin Schulz,Prayer,1.8993333333333333,2025-08-31 11:25:58+00:00,2025-08-31,11,25,58,125.088,0.723,6,67,1,4,0.0375,0.548,0.499,0.0969,1.28e-05
5nEdwtSv0qqeE0l4o1lR4q,(When You Gonna) Give It Up to Me (feat. Keyshia Cole) - Radio Version,Sean Paul,(When You Gonna) Give It up to Me (feat. Keyshia Cole),4.064666666666667,2025-08-31 11:30:00+00:00,2025-08-31,11,30,0,95.824,0.761,8,65,1,4,0.225,0.711,0.718,0.067,0.0
